{
  "accuracy": 0.9466493168510085,
  "precision": 0.9849462365591398,
  "recall": 0.9057350032959789,
  "f1": 0.9436813186813187,
  "false_positive_rate": 0.013487475915221573,
  "inference_time_ms_per_instance": 197.25383307029352,
  "avg_mem_mb_single_url": 0.005401611328125,
  "max_mem_mb_single_url": 0.21484375,
  "model_size_mb": 0.12850189208984375,
  "best_threshold": 0.69,
  "optimize_for": "f1",
  "strong_pos_threshold": 0.9,
  "strong_neg_threshold": 0.1,
  "strong_pos_count": 1266,
  "strong_neg_count": 1287,
  "strong_conf_total": 2553,
  "strong_conf_coverage": 0.8305139882888745,
  "strong_pos_accuracy": 0.9944707740916272,
  "strong_neg_accuracy": 0.9774669774669774
}